artist,debut_date,debut_track,mbid,verified
&TEAM,2022-11-21,Under the skin,bba737dc-7ec8-482d-b79f-68d949ef2c7f,false
1 World,2021-07-02,Lost in Music,b05c765c-958c-4432-9f8a-1deb13270763,false
10-FEET,2001-04-01,april fool,e000f4d8-b722-4120-9b5d-0a13d6f39be3,false
10人祭,2001-07-04,ダンシング!夏祭り,dc7bfdd0-886a-42a8-be7c-5ee7cf75bd22,false
175R,2001-06-13,From North 9 States,856fd456-a940-4e12-970a-66bffaf0ffbd,false
8KO,2018-07-13,Ocean,1c1f8776-3a91-4ccf-9a4a-73ee7356d577,false
=LOVE,2017-09-06,=LOVE,28abfefb-cceb-4605-8330-a53b6d161403,false
A-Roma,2012-08-27,100% Freaky,c1aef98c-76f3-41db-80b2-5ff42f1c7ef1,false
AKASAKI,2024-04-24,弾きこもり,7d915528-c29f-4cec-9575-37212e4936ad,false
AKB48,2007-03-07,チームA 1st Stage「PARTYが始まるよ」,be547bca-8718-4762-bf1b-34a3bdb4938f,false
AOA,1998-07-23,Open,05f48838-1022-4d09-900b-9982ed9a4892,false
ASA-CHANG&巡礼,2004-01-28,背中,ad7f6f52-e243-4bd0-b077-a7f08dc66d06,false
ASIAN2,2006-05-24,ASIAN VIBRATION,bb79f584-6386-436d-bde1-8a64b2cc493e,false
AURORA,2002-04-24,indispensable,5731b040-462b-4e35-a512-8e9e37b0b020,false
AZU,2007-05-30,CHERISH,4d44f4d7-4d01-4f9a-9fdc-0633fc6aec9b,false
Acid Black Cherry,2007-07-18,SPELL MAGIC,a3842d12-306c-498a-ae1d-03ee40e3f2ac,false
Ado,2020-05-11,ANEMONE,e134b52f-2e9e-4734-9bc3-bea9648d1fa1,false
Aimer,2011-09-07,六等星の夜 / 悲しみはオーロラに / TWINKLE TWINKLE LITTLE STAR,9388cee2-7d57-4598-905f-106019b267d3,false
Alonestar,2013-06-15,Warrior,996fc8b5-e1c3-4113-9073-26e5f9a012bf,false
Amiide,2022-06-17,After the rain,4428d650-b16c-4835-a141-456c6ba1e58b,false
Ana Milva Gomes,2023-11-17,Santa Claus Is Comin’ to Town,c4411a54-0240-49b2-b459-76fc66c3d25d,false
Aqua Timez,2005-08-24,空いっぱいに奏でる祈り,c502a882-ea55-4bdf-b6e0-a95330e14682,false
Arianna,2020-10-16,Ven a cantar,bc6d47e3-87ab-41d5-95de-d745082de2ae,false
Awich,2006-12-06,Inner Research,aaad2b8b-4498-4106-a65e-1ed1ee5b2d04,false
Azki,2018-12-28,Creating world,ffaa41c1-9dab-4cf0-94cd-14c74e55fe7e,false
B'z,1988-09-21,B’z,20172e89-b8a5-4675-bd79-792d50d846a9,false
BABY-T,2019-09-16,Stand By You,5f298eaf-273c-4b0a-8210-2ba439055d42,false
BACK-ON,2004-10-27,ADACHI TRIBE,12d75989-f4c5-49c0-9785-91df3d160648,false
BE:FIRST,2021-08-16,Shining One,c11b6e14-9a78-40c3-b70c-c46e8b819637,false
BEAT CRUSADERS,1999-06-10,NEVER POP ENOUGH e.p.,e8575463-1ef4-4fc7-8d63-b8b12fe3c13b,false
BEGIN,1992-12-02,THE ROOTS,c1854280-3a9d-424b-a112-45fe29fa1f79,false
BENNIE K,2001-01-24,Melody,299e1d05-9508-47f6-96e8-a19d8b7d7edd,false
BIGYUKI,2017-11-03,Eclipse,68bd4385-0b94-46bc-863c-6c2971291204,false
BOBBY SHANN,2021-03-12,Post Internet (Extended Dub),49b46a6d-d204-4067-8a80-8007496674e3,false
BON-SAN,2020-07-31,REINTERPRETED WORKS VOL.1,3e1ae16b-21ba-42c7-83d3-f82db93fcfbe,false
BONNIE PINK,1995-10-20,オレンジ,ffa25bb8-a082-4b47-aa4c-9ef48df98dc6,false
BOYNEXTDOOR,2023-05-30,WHO!,656d0024-7b5f-4089-9d3e-ce383f15f1b7,false
BOØWY,1985-06-01,ホンキー・トンキー・クレイジー,e4042709-8b47-40af-ba30-391d9c81008f,false
BUCK-TICK,1987-04-01,HURRY UP MODE,a70fca82-889a-4f70-98bb-39f7ec968566,false
BoA,2019-01-30,ゼロ,6b8ac23c-5fa3-46ad-8143-c07e13128548,false
Brooke Hogan,2004-07-27,Everything to Me,fb35e47b-8d34-499f-b700-1bf3ebb01a8f,false
Bøbben,2021-03-09,Kunsten å tenke negativt,58fc723e-41a8-4c04-ad78-790134e17847,false
C-C-B,1985-01-25,Romanticが止まらない,6e478916-d7b3-46e6-a8fc-92e0d10c0401,false
CANDY TUNE,2023-03-07,CANDY TUNE,71b68ea5-dcee-4e0b-8297-c027816cedf9,false
CHAGE and ASKA,1980-04-25,風舞,02a58b34-8b88-438d-9e90-01c84adc6957,false
CHEMISTRY,2001-11-07,The Way We Are,c8524763-e7d7-4225-8a9a-e7b64db5a1e2,false
CML,2020-12-20,Self Made,94efe306-82a8-41e1-8761-563108d65f0a,false
CROWK,2024-10-27,New Credit,1baa175a-35fa-4967-89fc-405dd5876cdf,false
CUTIE STREET,2024-09-09,かわいいだけじゃだめですか？,0848dd33-fef4-48c4-801c-18ce3a611467,false
Capcom Sound Team,1988-03-25,カプコン・ゲーム・ミュージック VOL.2,f217f62b-953b-4091-91b1-50c5275f473e,false
Cecil,2000-12-08,Rikka,b8b3b0ac-5e5d-4a1e-9ab8-f8848df57a42,false
Chad Tepper,2019-05-31,Saddest Memories,8d6a9ac0-3c59-467b-94e8-004bff4cc483,false
Chara,1991-11-01,Sweet,94812064-a7c2-49d2-b6b0-b9e76289bf87,false
Chroma-kei,2015-02-13,"Each Day, Everyday",54028788-eec1-44b2-99f0-9224b3a307d6,false
Coming Century,1998-05-27,夏のかけら,57cc9d5f-6cad-4e6f-a6d2-70681112ed27,false
Cool-X,2018-04-25,So Much So Much,1a4b25c9-53db-4b6d-96ff-006faa013c85,false
Cosmo,2011-12-21,鏡音レンの暴走,eceb2a11-fa7e-496e-9adf-a540810d932b,false
Creepy Nuts,2016-01-20,たりないふたり,e5e045da-59a3-4b65-8bb4-3c7f3ac9a529,false
Crush,2012-07-04,One of Those Days,b5404b0a-2f16-4926-ac87-a7af655ec54e,false
Crystal Kay,1999-07-01,Eternal Memories,86443348-fd26-48cf-bd13-7ea7fa27505c,false
Curious,2025-04-30,右肩のファンデーション,ab9df0b8-8d75-4bd5-8eab-b04d4c7b0de5,false
DECAYS,2016-04-01,ビロードの鳥,e9886313-dfe4-4bbd-bc6d-6e978eeb2e34,false
DEF.DIVA,2005-10-19,好きすぎて バカみたい,75341945-4ea6-4f6c-8aa2-1c9aa65388e7,false
DISH//,2013-06-19,I Can Hear,17c95457-e862-469d-8bdc-889a22d8e95b,false
DJ CHARI,2019-07-26,Come With Me (Remix),51947e75-3e10-4efb-ba83-1889e73e8352,false
DJ HASEBE,1998-03-25,adore (THE ONLY ONE FOR ME),a40e4f43-6671-4d0e-b079-103a1e237d7f,false
DJ Hasebe,1998-03-25,adore (THE ONLY ONE FOR ME),a40e4f43-6671-4d0e-b079-103a1e237d7f,false
DJ JAM,2021-11-16,TABI,7c1969db-839b-464f-a9b3-9d9ae86542b6,false
DJ OZMA,2006-03-22,Age♂Age♂EVERY☆Knight,00b25dc2-ace6-4d32-9142-9a1d3bf20b45,false
DJ TATSUKI,2019-01-30,Invisible Lights,0e90799c-41df-4496-863a-e188a33db519,false
DJ YEN,2015-03-25,Get & Choose EP,0c69db24-f2ee-41d5-8694-17ad2885b93d,false
DJ.DAI,2010-09-01,Hardcore Electron,34e8d0ea-77d8-4bb5-ad37-3a54c5ada14d,false
DURDN,2021-01-16,Conflict,6aff52d9-0a2f-448f-9902-5712248be5d0,false
Da-iCE,2014-04-09,TOKI,2fc5c58a-711b-4a11-9b7a-7b5ba1f58e04,false
Davis Redfield,2013-01-04,A World Apart,45f8c944-d646-4332-9c4e-d10b6e216a0d,false
Def Tech,2003-01-22,VIBRATION,3cea4be5-d1da-4431-b5df-cd0745c21047,false
Desorden Público,2015-02-09,Todo esta muy Normal,330966e4-cac3-4e19-927e-0fcb14225547,false
Dragon Ash,1997-02-21,The Day dragged on,cdc00f5c-5e99-4b64-98f3-5eabda3636cf,false
E-girls,2011-12-28,Celebration!,65784683-d180-44da-b385-050acf8ec4bb,false
ECHOES,2000-07-19,ZOO,34ff39d3-192b-4111-968c-d9578c19fb37,false
EE JUMP,2000-10-18,LOVE IS ENERGY!,edad725e-edc3-4f65-bca6-bf0cd139ad2f,false
EGO-WRAPPIN',1999-02-10,His Choice of Shoes Is Ill!,ae336f33-70ea-4dc3-839d-4e94bc64951c,false
ELLEGARDEN,2001-05-23,ELLEGARDEN,923158cf-9d21-4bce-8040-41e7a497c1c9,false
ENDLICHERI☆ENDLICHERI,2006-02-01,ソメイヨシノ,d2fe8b4f-0eee-4891-8c35-35a3f2d59e71,false
ENHYPEN,2020-11-30,BORDER : DAY ONE,95663592-1447-4579-90f7-c94733476667,false
EPO,1980-03-21,DOWN TOWN,b74a8d87-18d1-4c1a-929d-ca8bfae5bd9d,false
ET-KING,2004-01-01,ET-KING,05ec35ab-685f-488e-9751-558a5f2482f7,false
EVERY LITTLE THING,1997-04-09,everlasting,acf20c38-8a14-4406-9039-fe78d26c2e4e,false
EXILE,2001-09-27,Your eyes only -曖昧なぼくの輪郭-,d9403f69-2718-483e-a21a-210ae1714b82,false
EXILE B HAPPY,2024-05-05,MORNING SUN,6a17d435-dd54-4c96-9aa4-9fa2d3a28c7b,false
Encore,2024-09-05,ENCORE –Part 1–,e13d59ba-c73b-4b96-922d-f201d41b7364,false
Every Little Thing,1997-04-09,everlasting,acf20c38-8a14-4406-9039-fe78d26c2e4e,false
FIELD OF VIEW,1995-07-24,突然,7a0fb9d4-1e6e-4975-9c8c-36e1a890dbeb,false
FLIPPER'S GUITAR,1992-09-26,Singles,9f06d736-81b9-4cc5-b101-caed4e1ef9b8,false
FUMI★YEAH!,2014-04-30,BEST HITS57,aa85f6a0-5a54-4550-a2b7-cb5c6b65b62b,false
FUNK THE PEANUTS,1995-07-24,恋の罠しかけましょ～FUNK THE PEANUTSのテーマ～,df1d8326-3c82-48ff-bbbb-4b2bbb1c6bd1,false
FUNKY MONKEY BΛBY'S,2006-01-25,そのまんま東へ,40d74e11-3d9f-4b5c-ac88-b11487035b55,false
Fayray,1998-07-29,太陽のグラヴィティー,c77e4a15-9776-4a4a-9124-a1afe3796c74,false
FictionJunction,2009-04-29,Parallel Hearts,741a8da6-9b87-4b49-acda-6cc6d9f579ac,false
FictionJunction YUUKA,2004-05-08,瞳の欠片,3b19d629-6d4a-4426-974b-aeb1dbbf0782,false
Fogbow,2017-03-02,Bitter Setback,85d59652-b720-4f4d-8cac-c50f430ec3ac,false
Full Throttle4,2023-11-25,ONE NIGHT,12c4fd3f-273d-49b5-a761-2ca646d1c645,false
GACKT,2000-04-26,MARS,e7a8e086-16df-44a7-91e4-640986bcff72,false
GANMI,2022-06-01,シックマン,34adb22f-ec51-4008-bfee-c4ab58c6bfc4,false
GAO,1992-04-21,サヨナラ,e420e26e-20ec-43b1-9840-aacf1d46b4a4,false
GEISHA GIRLS,1994-08-19,Geisha “Remix” Girls,16f76c04-3638-4988-8460-209e38bb2cbd,false
GLAY×EXILE,2005-07-20,SCREAM,70dc28e6-c597-49d4-90c7-e6b75509849e,false
GROWN KIDS,2014-07-16,Bottle Rocket,3c30e84b-047a-4cdb-beeb-df7850f5aa8c,false
GRe4N BOYZ,2007-01-24,道,9c492c6c-ef67-48e7-b347-a410993b3274,false
Ganesha,2013-08-28,caste system,e8a6e7d3-5da9-4b25-9507-c6fe29825415,false
Gliiico,2024-09-27,Tragedy,0429a941-9f0c-4544-a400-82a7c48eb933,false
Gold 1,2012-10-19,This Is My Love,e0684bc8-713f-4798-8a4f-e47043a14d7d,false
H!dE,2016-02-14,KITTO,11c4f767-f740-4e24-b3d8-c8820fef7497,false
HAN-KUN,2012-05-09,ＰＯＳＳＩＢＬＥ／ＲＩＤＥ ＯＮ ＮＯＷ,05deba3f-cdbe-4132-90d9-58ea2ba10f3e,false
HANA,2021-10-31,Snow Drops,36666d26-2a88-4b23-aa6e-9e0b65d899aa,false
HERO,2008-05-28,優しい言葉,73a87bf9-d364-4cf4-9f21-f51382d7eb08,false
HIROBA,2023-01-09,ふたたび,abebc4f9-7c8d-4c82-a8b8-640338685a1b,false
HOME MADE 家族,2001-11-21,H.M.K.U.,3b390d43-1c2d-4198-b0a0-86a670a90819,false
HY,2007-03-07,AM11:00 (English Version),7b049fe5-0af8-4c19-bceb-41b5df99d39d,false
Hak,2022-12-05,My Way,9a7338bc-1224-4513-8ac8-f71a79a8c3a4,false
Hey! Say! 7,2007-08-01,Hey! Say!,3349d590-a8b7-42c3-b270-68692b4e95d9,false
Hey! Say! JUMP,2007-11-14,Ultra Music Power,d024da79-b980-40bb-af2d-d2d56b95b3f3,false
Hiro,1989-11-28,Turbo OutRun,fc32f53d-8768-404d-91a8-6beb3adb2de4,false
HoYoFair,2023-04-14,Oh Traveller Come,820b2d48-54c1-4456-be08-9c17a2a9102e,false
HoneyWorks,2011-11-19,初恋ノート,1dc670f7-1a43-4a71-973a-2ad181f4edd4,false
Hylen,2016-09-15,Suiren EP,010d8f07-ef66-46da-80aa-10624dde55bf,false
I WiSH,2003-02-21,明日への扉,b9523552-8d2c-44c0-9e38-2d7920b8e380,false
ICE BOX,1994-07-06,The Very Best Of ICE BOX,8d710947-a4d0-4250-aec7-9a45dbc775f6,false
IVE,2021-12-01,ELEVEN,b2f2216a-d7a9-4ce0-8b8f-f494d9a8c196,false
Ishawna,2017-11-17,Dancehall Tide Riddim,33cb1056-d35c-4f18-ab61-51602b2d2348,false
JAKE,2015-11-22,キチガイテープ夏,f12d723a-0cce-4b5f-8512-143fbba39022,false
JAYWALK,1991-07-21,何も言えなくて…夏,dad312ad-d2de-49eb-8674-61edee5cd7b6,false
JAZEE MINOR,2014-11-19,100 (Remix),d0fae448-b6de-419b-9762-49e1bbf31905,false
JEONGHAN,2024-06-17,THIS MAN,c7f65565-35c5-4c56-9649-a0f7f9bd05c8,false
JO1,2020-03-04,PROTOSTAR,331a87af-4abd-494e-9254-c1d66b3260e2,false
JP THE WAVY,2019-01-25,Just A Lil Bit,b1094a7f-be62-4a6a-b9f4-267682aaeea3,false
JUDY AND MARY,1992-04-01,BE AMBITIOUS,63b6dd9a-916d-4076-b898-43763aac6bce,true
JULEPS,2007-10-31,旅立つ日〜完全版,1c2c24ef-1279-43c4-86c5-5dcb3364b797,false
JUNG KOOK,2016-05-31,알아요,23c8056b-ee13-4cfc-a772-2f5292e35bb5,false
Jamie Drastik,2012-04-16,White Boy Wasted,7c25b020-5e56-49ed-97b8-67c4abea341f,false
Jamie xx,2010-11-29,NY Is Killing Me,d1515727-4a93-4c0d-88cb-d7a9fce01879,false
Janne Da Arc,1997-07-21,Resist,e6a1e19c-1a24-476f-af69-6308cd33cddf,false
JiLL-Decoy association,2006-06-12,like ameba,df31469b-c34b-4958-b716-094fa1a2eb6c,false
Joddski,2010-02-15,Krig & Kjærlighet,18b9c0fb-7ad1-4746-8273-e1dd36cf4624,false
John Newman,2012-05-14,Feel the Love,589ef702-7f3a-4a1c-8f2c-4727005cfc0e,false
John Riesen,2021-06-18,Broken Vow,e664b077-69b0-47b0-9330-479693cc0458,false
Joint Beauty,2024-06-12,東京Friday Night,cb122f5a-3d5b-4573-badf-58bc2a862812,false
Junoflo,2016-06-15,Fables,01bacf22-b72a-448d-84c4-818e131692e6,false
K,2007-10-29,Brilliant Skies,e510ca2c-0f26-4b02-9050-d4a07fd3e46c,false
KAN,1987-04-25,テレビの中に,a644724e-db4f-4885-a6b3-c86b52d2e7da,false
KAT-TUN,2006-03-22,Real Face,d52fa20a-b8ab-464b-aa6c-fb2c6ada8cb8,false
KEN THE 390,2009-03-11,届けたい…,2dd8c6d1-c594-4818-bb64-ceab68a53bf2,false
KERENMI,2021-07-14,Micro Summer (KERENMI remix),2000ac77-5baa-4d6c-a5f7-2332ae668d45,false
KICK THE CAN CREW,1997-08-21,タカオニ,632dcd7f-2797-4f9f-a3f3-2837a36e2871,false
KIRARA,2015-03-18,cts3,fb04aa85-29ec-499f-9326-5e49da57f5ec,false
KIX・S,1992-07-21,また逢える,bd7a4ddc-fcf4-4cb0-9569-701d2fc86360,false
KIYOSHI,2020-10-31,Dance Darling Dance,ec2a9f40-9769-4261-8b97-bc3a48609e9e,false
Kalipzo,2020-05-15,Brace Yourself,24001f1c-8540-4f18-89a4-788aa9b5e763,false
Kaoru Amane,2006-08-30,タイヨウのうた,a07f1c17-afd6-45be-986c-9e977345e629,false
Kate,2010-07-10,Fate/EXTRA Original Soundtrack,e525a2d9-d63f-4368-9dc1-b63264168344,false
Katsumi,1991-06-25,It’s my JAL,87ffc2a9-8a9d-46e4-b83f-c30a43b81e05,false
King Gnu,2018-07-13,Flash!!!,338f5d97-3133-4bf8-a58e-068ff9b5405d,false
Kiroro,1998-01-21,長い間,dc9f09d4-a1a7-498d-afd2-4b5054e79fc2,false
Kiyoki,2024-07-05,Only U,9f5c9bba-32b2-497d-a7c7-5503582a6956,false
L-VOKAL,2008-01-30,万歳,74c900a3-6396-4e89-9987-5a714cd0617c,false
LANA,2020-05-13,IM NOT HER,9ac6b30d-472b-4744-afe0-aa7e7e6b2729,false
LA’CRYMA CHRISTI,1994-10-07,Siam's Eye,d7d1746d-2085-4370-bd87-a8fd4c9ace4d,false
LE SSERAFIM,2022-05-02,FEARLESS,1ee37742-1e3d-4e61-84d2-bc85f4c1459a,false
LOM,2025-02-03,Good Bye,50fb0cbc-dce3-41fa-93a0-caab61e4a376,false
LUNA SEA,1991-04-21,LUNA SEA,e7ab70fc-ae7b-4321-a9d1-4c2e9440e0f5,false
LUX,2014-07-23,Electro Pop Wave,7cdd2368-a952-4ffb-bc35-2a0a5deb2e37,false
LadBaby,2018-12-14,We Built This City,5051cf88-9e17-41e9-a923-44ea9c2116b8,false
Lauv,2015-03-31,The Other,c0ef2ba5-a7b7-40ea-bd27-30acccfcac11,false
Le Couple,1997-05-16,ひだまりの詩,296874d9-5765-4452-8522-296498f19e4b,false
Linmu,2020-09-21,お洒落番長,194c2a9e-85a2-4da5-8be3-5512e0b10ddf,false
Lisa Aberer,2013-03-22,I Will Dance,1571663f-96d2-4920-8eeb-c3c1f2274a00,false
Little Kiss,1997-02-14,A.S.A.P.,788384c4-afe6-4f32-bbd2-8916c83cc992,false
Loud Luxury,2015-01-22,Sweet N' Low,4c445344-9df2-407e-9bf3-8a5c0b86777e,false
L⇔R,1997-02-19,アイネ・クライネ・ナハト・ミュージック,6210ebbf-3c83-443e-ba6a-d8a97e34bbc4,false
M!LK,2015-03-25,コーヒーが飲めません,c209e6c9-bdc6-41b1-8044-6ccbd5896252,false
M.Iam.I,2015-09-18,Avalanche (Rescue Me From the Dancefloor),b859f74c-d075-4300-ad67-51343589788f,false
MAISONdes,2021-02-03,Hello/Hello,5005beb6-9da2-48ba-bfd9-aa8ddc6d0117,false
MAKE-UP,1984-10-21,Fox On The Run,785113ad-c6aa-4a89-a485-9534f2ac3726,false
MAN WITH A MISSION,2011-04-06,NEVER FXXKIN' MIND THE RULES,d1c5a553-1fd0-43ca-a66a-da94c9f15570,false
MARIA,2007-04-25,夢、ひとひら / スマイル,827608e4-0ff7-4bfb-bf05-ed4bd134b2e2,false
MAX,1995-05-10,恋するヴェルファーレダンス 〜Saturday Night〜,2281c623-f9fe-4df4-b549-5cc8c39654fc,false
ME:I,2024-03-24,Click,90b73828-7655-49b8-85bd-eaac26f20a0c,false
MINMI,2002-08-21,The Perfect Vision,0a2d8d95-9cb1-48da-927c-613b4e12ae72,false
MISAMO,2023-01-25,Bouquet,e148e786-f078-49e2-a9fb-fd044bd68905,false
MISIA,1998-06-24,Mother Father Brother Sister,c15576a7-48dd-4916-a3b7-e31c9824f36c,false
MONGOL800,2003-12-06,ヨロコビノウタ,0f774f0e-052e-48ae-8237-79359b9fd259,false
MONKEY MAJIK,2005-02-09,Lily,7c39d914-43f8-4136-895a-1cc649568758,false
MaRI,2023-03-09,Forbidden Red,3d060a74-ea36-4c66-8cc2-61283850c4a3,false
Mi,2005-02-02,未来の地図,769a7979-f95b-4374-96ae-908f2c5a1113,false
Moodoïd,2013-09-09,Moodoïd EP,fa5fb26b-ca64-41de-b3fc-9bd01a8242ad,false
Moonchild,2023-03-06,CHILI CHOCOLATE / ONE BITE / Lonely,80573b06-a069-44c9-b6fa-34a99749ff4a,false
Mr.Children,1992-05-10,Everything,27f0af0e-4d1f-4808-a58b-090e400dcc43,false
Mrs. GREEN APPLE,2014-07-05,Introduction,9ce674b7-5180-41f7-9ac2-95dc0d8a0ed2,false
My Little Lover,1995-05-01,Man & Woman / My Painting,24b34636-8444-4ccc-bd0b-f817bb04ce4c,false
N-Trigue,2014-11-28,Neverland,b864a088-6ec4-4e46-aff1-d71121970dfd,false
NCT,2023-10-08,Hands Up,fb175979-152f-4f32-bf8b-08aa86c24fe3,false
NCT DREAM,2016-08-27,Chewing Gum,dc7c8277-d4b6-4bca-bdfe-50eee42536ac,false
NEWS,2003-11-07,NEWSニッポン,53187856-5b14-4b58-9c81-c5ea843b6c7a,false
NIGHTMARE,2002-11-22,アウトロー,61ac244d-3201-4c43-a234-f99d7166400e,false
NO NAME,2012-08-01,希望について,5a4c4813-b5ee-47ba-beb5-c480333fb8e4,false
NOKKO,1994-03-09,人魚,71e1c9e2-b6e1-4aed-a4f8-b8f02ce631c7,false
NORIKIYO,2020-04-11,それじゃ無理,39ba311d-6668-49cc-a0c1-b73fc73c5ada,false
Nao'ymt,2006-02-01,Goodbye,78f08704-b413-4ad3-963b-2b748b6da2ba,false
Naz Tokio,2015-02-27,Save Me,fc556a00-763d-487b-8492-9dce4f507eaa,false
Night Tempo,2019-04-24,Wink - Night Tempo presents ザ・昭和グルーヴ,1c75533c-4ced-4a3c-a6eb-20774665c2c0,false
NiziU,2020-06-30,Make you happy,7e7df33f-85fb-49d5-9de7-efb086b2dc1d,false
No Bully Movement,2024-05-05,No Bully,0bf356d4-ec59-4176-ac48-679d158d973a,false
Noa,2020-01-10,LIGHTS UP,e6fa111a-7ae0-489f-b4d2-4a1bdd7f06a3,false
Novelbright,2020-08-17,Sunny drop,f1d9bc16-a8a2-4733-9b9d-2e101e010ea0,false
Nulbarich,2019-09-17,Lost Game,e015c3d2-d67e-4b48-abab-595dc3856dea,false
ONE OK ROCK,2006-07-26,ONE OK ROCK,6ef00829-fa94-4fee-a5a6-b28e1208e96a,false
ORANGE RANGE,2002-08-25,ミチシルベ/ミッドナイトゲージ,fee8e811-a2dc-4c09-8484-3c2aca38c3f9,false
OZROSAURUS,1998-05-27,DOUBLE IMPACT E.P. II,16684559-9fb8-4b55-b928-18a107d01dc0,false
Official髭男dism,2015-02-11,恋の最chu!/ 不器用な二人で,6dddd7a2-5583-49d0-a8b2-9ee46d04f27e,false
Olly Murs,2010-08-27,Please Don’t Let Me Go,0b108024-ccb5-468f-b2e9-77ed4f5615c6,false
Original Love,1991-07-12,LOVE! LOVE! & LOVE!,da1b555e-946c-4e5f-bfe3-dedd6102cdd2,false
Oscillation,2007-10-15,Out of Phase,24c79bdc-da07-4626-b449-0e0aa3ce395f,false
Osmani Garcia,2011-08-10,Chupi Chupi,a530c5fc-4856-405a-a991-55f80409e587,false
PENICILLIN,1995-01-01,God of grind －Real Penicillin Shock－,6c7bf38c-dff0-4b78-a64b-9b7fa07e3b01,false
PERSONZ,1989-05-25,7COLORS (Over The Rainbow),4375b404-2259-4bee-9c54-022f0e2da6c4,false
PETZ,2013-11-19,Jyunin‐Toiro,9428ebe7-5f47-4ff4-b50e-d0285f962b65,false
PINK SAPPHIRE,1990-07-25,P.S. I LOVE YOU,0bc192ef-8be5-4124-b081-3401b7fcf1a7,false
PLAY N SKILLZ,2011-02-01,Things We Do,4f23a011-5a20-417f-bc20-6497677ca244,false
PUFFY,1996-05-13,アジアの純真,ed8e205b-2b03-48f8-b068-37b7a553fdad,false
PUSHIM,1999-06-19,Brand New Day,c12e6c91-cc73-45e8-acc8-beefbf335806,false
Phonique,2003-03-24,Beat'n Greet,4b789d86-691f-4878-aea5-9f597c23c9bb,false
ROMANS,2003-08-20,SEXY NIGHT～忘れられない彼～,098e05d0-925b-4056-8a98-e4b539ed1723,false
"SOIL&""PIMP""SESSIONS with 布袋寅泰",2004-12-01,Suffocation,b8e2848f-f5e1-448d-94cf-990c2983c05c,false
YENA,2022-01-17,ˣ‿ˣ (SMiLEY),745c5b92-325f-451d-bd52-e6b95229c776,false
YOASOBI,2019-12-14,夜に駆ける,df6c619f-4334-43e2-8b6a-4a32af1e4f85,false
YONA YONA WEEKENDERS,2019-11-20,夜とアルバム,0906096b-0bb9-4a1f-ad52-2bdf7acb80ce,false
YOSHIKI,1993-11-03,Amethyst,c64da7fc-a073-49fc-a26e-494217afbc6a,false
ano,2020-09-04,デリート,ebb4513e-4aab-4ac9-a949-14e77bb7b836,false
asa,2006-12-05,Fast Abstract Beat,9751008d-27d7-436a-9f3a-734353ee046e,false
back number,2009-02-18,逃した魚,f35bfbe2-d30e-402c-9ac1-fa5f90b72ec2,false
biz,2019-11-17,逃避,a4892932-a55f-4c60-ade0-9337b6098f58,false
class,1993-04-21,夏の日の1993,383cfd3a-4b0c-49dd-8ce8-8c3d863cc079,false
dos,1996-03-21,baby baby baby,2656fab7-3add-44dd-b279-c53628933044,false
e-girls,2011-12-28,Celebration!,65784683-d180-44da-b385-050acf8ec4bb,false
erica,2016-08-31,君がいた,87a2af56-9ca4-401b-804f-27ac4dc0f2f5,false
flumpool,2008-11-19,Unreal,44624735-6317-4b56-b1c6-283b8854cb71,false
hide,1993-08-05,50% & 50%,b4065fe7-a1b0-46d9-ae7f-ae0f80c7975a,false
hitomi,1994-11-27,Let's Play Winter,971280a6-c66d-40bc-9f77-c2fe726a41d7,false
imase,2021-12-19,Have a nice day,bc83173f-c86f-4343-b3e7-aad839a47a54,false
jon-YAKITORY,2020-03-02,アロネ,af1b35f6-7cfa-4f2f-a57b-364b7406de89,false
kedy,2025-06-20,OG,7a7ed4d4-4bb7-44cd-8ccd-49faaa8f0804,false
m-flo,2000-02-23,Planet Shining,22dd2db3-88ea-4428-a7a8-5cd3acf23175,false
mabanua,2020-04-12,Infectious Love,972b5e82-9062-4053-8688-28007d856db2,false
miComet,2023-11-03,シュガーラッシュ,e4d6939d-0a20-4308-ad82-81dc25d40524,false
mihimaru GT,2003-07-30,約束,6011bcce-9f6b-4aae-adae-68727eaef7e0,false
milet,2019-03-06,inside you EP,906c39c0-e839-43db-a644-ea1a0101e8f8,false
misono,2003-05-28,11 eleven,f612f985-3585-49a9-a771-13d4f5fa3a4b,false
miyushiiiii,2022-09-19,ミユシィズム,83bb169f-936f-4831-b215-7454f8a05be8,false
nobodyknows+,2003-02-19,nobody knows 3,7d120305-ad04-41e9-b482-dc669d89cf0a,false
po9t,2023-05-19,Fix Myself,852a3cb4-1420-4a26-b39f-4cd66a95102e,false
ravex,2008-12-17,I Rave U,38c7405e-387f-490e-b9d0-96540c4a3855,false
s**t kingz,2025-03-03,See SOUNDTRACK,bc1215fd-c189-4dde-9dee-a2042cf78c6f,false
sads,1999-07-07,TOKYO,37e9d194-6110-4e03-9042-79e718954e5f,false
shela,2002-09-19,Himawari,7e481542-5fce-4f31-a25d-26fb4ab40f8a,false
shota,2024-05-28,Melting,4777e0f7-0fce-4991-87cb-ba26a7c88ce6,false
t-Ace,2010-06-09,雨,ee3faad8-a97d-499a-946a-537174eae174,false
the brilliant green,1997-09-21,Bye Bye Mr.Mug,768ecb0b-bcc8-4c99-9f2d-54a13f33c5f6,false
timelesz,2011-11-16,Sexy Zone,057927dd-b6bf-4c58-ae51-cceaf1ee58ac,false
trf,1993-02-25,This Is the Truth,a48b9f88-0cc3-40c7-9a40-58db01ea7b73,false
tuki.,2023-09-29,晩餐歌,1359dfb8-8220-4ebe-aeb9-b759ed737c41,false
yama,2019-11-15,ねむるまち,a3becc83-9dab-48c6-9513-e269e1e4c49a,false
★STAR GUiTAR,2011-01-07,Carbon Copy,4cab0a06-51bb-4dcd-bcb6-de6685cb34ab,false
あいみょん,2015-02-22,貴方解剖純愛歌～死ね～,908d9ac2-5187-4b9e-b281-601c6afb0791,false
いきものがかり,2006-03-15,SAKURA,18191eea-369f-42e8-96ab-c1c24e4d0011,false
いしだあゆみ,1968-06-10,太陽は泣いている,4632417f-6cb6-43c6-8a22-dac232b30906,false
いしだ壱成,1994-02-25,WARNING,2a143548-747c-441d-a2e3-0e947b168c1f,false
うしろゆびさされ組,1985-10-05,うしろゆびさされ組,39ff79d7-0c14-4c05-8d81-c4d982c8f130,false
うしろ髪ひかれ隊,1987-05-07,時の河を越えて,a4d1f8c9-bb1d-4fb3-b3d1-8b32cd3843a0,false
おくのほそみち,2020-07-22,自殺志願者が余命191秒で見た憧憬 - 新録,961781a6-348d-477a-afc4-d36cf138e963,false
おニャン子クラブ,1985-09-21,KICK OFF,b19d5a80-25be-4bab-aded-8252e5c60483,false
くじら,2019-11-15,ねむるまち,f965776a-54a5-4ea7-8fe1-286bbd2ec154,false
くず,2003-03-26,くずアルバム,721580b9-b319-4bfc-b2b0-c43d21d40975,false
こっちのけんと,2022-12-10,死ぬな!,f0d4005f-e138-472b-97f6-02233375ad90,false
さだまさし,1976-11-25,帰去来,238addd3-ec38-4946-aab0-108997af5569,false
たま,1989-05,でんご,d2e49eb7-c843-499c-b194-9103333a9954,false
ちあきなおみ,1970-11-10,別れたあとで,7ea58fbf-121a-495b-8bd7-e12336306f2b,false
ちゃんみな,2016-08-31,Princess,96ec7174-5836-4ff8-8d6a-11d90c7a5e62,false
ときめき♡宣伝部,2015-06-24,土っキュン♡!!少女,b901c170-0045-4555-8472-8ff0d59cbefe,false
とんねるず,1981-08-25,ピョン吉・ロックンロール / 夢行きチケット,94b0a557-0e87-4baf-b751-93fce17df6d9,false
なとり,2022-09-07,Overdose,cad9e169-893d-4432-a23f-3aa16beb9f0e,false
なにわ男子,2021-11-12,初心LOVE,91460ddb-8d0a-41af-bf3e-0e78616d4f08,false
のはらしんのすけ,1993-07-15,オラはにんきもの,5c50bc9f-dda8-4199-bf16-34a85cfe51d0,false
はなわ,2003-10-01,HANAWA ROCK,715e5a0e-0f8e-49c4-bd16-cf89c5fd5168,false
はるまきごはん,2017-07-12,ドリームレス・ドリームス,73c1558a-4c3c-4c9d-baca-8d26546c09e7,false
まえけん♂トランス・プロジェクト,2006-08-23,東京チャランス,16f738f0-90b9-4615-8abd-67032330b189,false
みちとせ,2024-08-31,ヒマワリ,c4766f2b-84ef-4a43-a6c3-637f14f6dbd7,false
ももいろクローバーZ,2009-08-05,ももいろパンチ,3862143a-a878-4176-88d5-a0cfae83cdf6,false
わらべ,1982-12-21,めだかの兄弟,0a1e43a7-a319-4fef-8297-0993c73cab81,true
アイナ・ジ・エンド,2018-09-19,夜王子と月の姫 / きえないで,19827018-8590-4ff1-9ab1-d12296e75a63,false
アラジン,2008-07-30,陽は、また昇る,7b6c63a8-19c4-4113-80f3-fd6d2385f94a,false
アリス,2021-12-25,告白 / キセキフルヨル,7cdd30dd-363a-4bfc-932c-8bb46b8c3e95,false
アンジェラ・アキ,2005-09-14,HOME,d5eb154a-8768-4ee8-91db-9c2467b4e0f0,false
アンダーグラフ,2004-09-22,TSUBASA,8238c1a8-3ed8-4b1c-b0b0-1e02886f32b1,false
アン・ルイス,1971-02-25,白い週末,e39e5e16-cc13-4c20-99d2-1ddd4f374166,false
イモ欽トリオ,1981-08-05,ハイスクールララバイ,0af2f830-ed3b-46fc-a95c-4c4a05c036a0,false
ウルフルズ,1992-05-13,やぶれかぶれ,07e857bd-ca54-4754-ba6a-a0f3a5d7d1c4,false
エレファントカシマシ,1988-03-21,THE ELEPHANT KASHIMASHI,a634953a-e8fa-4879-8b1c-26024b3d3cb6,false
オフコース,1973-06-05,僕の贈りもの,fd7aa6ad-9ecc-47d5-9cd6-446a578de6bc,false
オヨネーズ,2019-07-10,オヨネーズ名曲集~麦畑,1daaa533-ad1c-4c41-b73d-acc72eebc5a4,false
カズン,1995-10-16,冬のファンタジー,7505c54b-0962-489a-b1e1-41383af4ef0f,false
キグルミ,2006-09-06,たらこ・たらこ・たらこ,0acb9f99-9f1b-4e45-bb05-fd2169d13dcc,false
キタニタツヤ,2019-02-09,Sad Girl,80b3cb83-b7a3-4f79-ad42-8325cefb3626,false
キンモクセイ,2002-01-09,二人のアカボシ,cd75fe8d-74d3-442c-a5fd-5a4871306d51,false
クイーン,2014-01-11,アイドル♥︎ミラクルバイブルシリーズ ガール・グループ3,03732fe4-dd16-46ed-8434-e563ce6c7992,false
クリスタルキング,1979-11-21,大都会,f9af8d1b-ea8d-47b6-802a-8a6add637634,false
クリープハイプ,2012-10-03,おやすみ泣き声、さよなら歌姫,3b7bc38c-7e3a-4085-81eb-0440e3b120a7,false
クレイジーケンバンド,1998-06-25,PUNCH!PUNCH!PUNCH!,c0347d84-96a8-4c8e-8992-178b7862468e,false
コブクロ,1999-07-21,Saturday 8:PM,1ca30529-e9b1-4478-8455-c885974cb1d7,false
ゴスペラーズ,1995-10-21,The Gospellers,820eba45-24a9-4698-a5cb-73230ab96c19,false
サイプレス上野とロベルト吉野,2012-02-22,ちゅうぶらりん feat. 後藤まりこ,3bedaaf7-f5c9-42c0-9e48-67d6547b2a2c,false
サザンオールスターズ,1978-06-25,勝手にシンドバッド,24d9e513-c215-4901-87ee-b66aa769ab9d,false
サスケ,2004-10-06,Smile,28b3f78c-7909-4ca0-89c5-c2d95d25180a,false
サディスティック・ミカ・バンド,1975-04,"Suki, Suki, Suki",8c760c35-c775-497a-b52c-71865a3c818f,false
サンボマスター,2003-04-23,キックの鬼,061f1885-21ed-4d1a-abf8-c0efd9a67694,true
ザ・ぼんち,2013-02-20,THE BONCHI CLUB+7,4bb7ec03-c287-4eeb-ae2a-abe06f832ee5,false
ザ・ドリフターズ,1989-07-12,ビッグ・アーティスト・ベスト・コレクション,3b5e0d5a-b6c1-43d7-b890-c98d6cf82bf7,false
シャイトープ,2023-02-13,pink,efb6c694-a97a-4d33-b3ce-3c0a5d1127cd,false
シャボン,2013-01-09,BIG VENUS,88cd5cb4-4244-401b-a676-afd492614977,false
シャ乱Q,1992-07-22,18ヶ月,58531adc-d602-4e77-b94a-5f8f93832dea,false
ジェニーハイ,2018-10-17,ジェニーハイ,31dd8aee-a1c4-4680-86e0-5e5598f946da,false
チェウニ,2010-12-15,雪は、バラードのように…,7781bf3f-bd30-44d3-80f3-75c021afafd1,false
チェッカーズ,1988-03-21,ONE NIGHT GIGOLO,081fd4e0-a888-40ce-8269-ff366d6a2420,false
ヨルシカ,2017-06-28,夏草が邪魔をする,dfc6a151-3792-4695-8fda-f64723eaa788,false
レミオロメン,2003-03-12,フェスタ,fc816e64-4b43-44d1-8a85-9bdf3a1b8120,false
ロードオブメジャー,2002-08-28,大切なもの,a0907219-5631-4a52-af3f-ac946e0e4c64,false
一世風靡セピア,1984-06-25,前略、道の上より,1aaff81a-c88b-46c6-abb2-65f8b752c57f,false
一青窈,2002-10-30,もらい泣き,a9d5acd5-ea36-4dab-b91f-63cb505f19f6,false
三上博史,1994-05-01,a place in THE HEART,d4e5f899-82b4-4aa8-b9ab-7312dc1982d8,false
三浦大知,2014-03-14,Covers EP,9ba40854-1c67-4864-a3df-9a86050cd316,false
上原多香子,1999-03-25,my first love,5ce4935b-1d49-45ae-a7fd-5db5286dd59e,false
上戸彩,2002-08-28,Pureness,618ccbce-ceb1-404f-aca5-e3d2a8a1742e,false
上木彩矢,2005-05-25,CONSTELLATION,84a99276-f277-47d6-aa8a-dc2edf206af5,false
上田知華,1999-01-21,Time To Say Goodbye,f40473b5-c910-4ac2-9abc-62c9fe8142ae,false
中原めいこ,1983-03-21,Friday Magic,6cbac548-3b1f-49db-a028-b73906e25011,false
中園理沙,2009-03-18,ショパン de ジブリ,aec2fe5a-afd6-45c2-a711-8d49e91979dc,false
中山美穂,1985-08-21,「C」,30d83c58-baeb-4474-b6c5-6704d00c4c20,false
中島 美嘉,2002-08-28,TRUE,f8d6e5df-069e-4b8d-9a13-cc7e0a558dd1,false
中島みゆき,1976-04-25,私の声が聞こえますか,75312493-4d98-498e-8d75-62f88ceaf55c,false
中川 翔子,2006-07-05,Brilliant Dream,731552b6-04d5-4d5d-9fdf-4e38b410c04b,false
中村 中,2008-07-09,風立ちぬ,38aceeb2-7d14-4bd1-93dc-802fe12f5064,false
中村あゆみ,1984-10-21,Midnight Kids,75ec7527-9ddf-46b4-a3ae-c60a4f335aa9,false
中村晃子,2004-11-03,虹色の湖,ea79410f-7d28-4900-978f-c7a70fb3e22a,false
中村雅俊,1974-07-01,ふれあい,2d4513c5-b7bb-4c5d-b9ac-8c30e2c78dbf,false
中森明菜,1982-07-01,プロローグ〈序幕〉,9f18e7f6-08e8-4b85-a5d9-070a60ee522a,false
中西保志,1992-08-10,最後の雨 / 君が微笑むなら,c4b32193-8d75-4358-9e3a-b1229d0195c0,false
中西圭三,1992-01-22,Woman,470285ec-def6-42e8-9818-1dcdc1a7ad1f,false
乃木坂46,2012-02-22,ぐるぐるカーテン,466f7b0a-a3e6-435d-8326-b4ef825a609d,false
乃紫,2022-12-30,杯杯,159fc4b3-02cb-479b-bfe5-583b73f5f5af,false
久保田 早紀,1979-10-01,異邦人,b9455791-8459-41a5-bc79-788bfb1e5ef2,false
久宝 留理子,1992-12-02,泣かずにいられない,f3bf8be8-b773-4555-acce-b28ca3514a86,false
久松史奈,1991-01-21,FOR MY FRIENDS,513070be-bfab-4a9f-b5e5-c413aef5627e,false
亀梨和也,2019-05-15,Rain,5921f587-d1d4-4563-823e-e634d0be60d1,false
五十嵐浩晃,1981-08-26,想い出のサマー・ソング,96e7731e-d6e2-40e4-bea5-98c1b4d67b0c,false
五木ひろし,1975-05-25,千曲川,7197f5ed-5167-4e73-8ee6-bebf18831fb2,false
井上大輔,1982-02-05,めぐりあい／ビギニング,31f392ff-aacf-480b-b96e-c5b795d707bc,false
井上陽水,1972-05-01,断絶,278ee887-eea4-432c-81c7-f0fa8790d5fb,false
今井美樹,1986-12-05,femme,1f5a820f-41fc-472c-b799-e5cee8ba2343,false
伊藤 由奈,2005-09-06,ENDLESS STORY,4dbe211d-c208-41e3-9810-ab17149412e0,false
伊藤つかさ,1981-09-01,少女人形,72b62a8f-7078-4a43-b8be-b43ebf3df6b4,false
伊藤敏博,1981-08,サヨナラ模様,80731099-1e14-4af7-84fa-b5e9bf461f1e,false
伍代 夏子,1998-03-11,港恋唄,35978fb2-1736-4717-987d-de2fd9a1dbfe,false
佐野元春,1980-04-21,BACK TO THE STREET,013509c5-7444-4982-88ce-e0f60c6a3fab,false
佳山明生,1982-12,氷雨,1f8077e9-5ac3-4b73-872a-63d8ec037862,false
倉木麻衣,2000-06-28,delicious way,60f41bf9-86cb-482b-a1b3-64a3da90fa4a,false
倉沢淳美,1984-03-21,プロフィール,a7864f4a-5a6e-4434-9b5d-cbb8ea09ca69,false
倖田來未,2002-03-27,affection,455641ea-fff4-49f6-8fb4-49f961d8f1ac,false
優里,2019-12-01,かくれんぼ,4337f1a5-9e02-4b46-98c3-e3c28683a9b5,false
元ちとせ,2001-03-09,Hajime Chitose,9452777a-c9a5-4a7e-9fde-231e51a81122,false
光永亮太,2003-07-02,Inside My Heart,f425cc8f-17de-4648-ad0a-e4ebc318ed98,false
児島未散,1987-03-21,100のハートが“I Love You”,f35e3a0f-c02c-484e-85d3-12caf095b9ca,false
八神純子,1978-06-25,思い出は美しすぎて,5e9d72b6-1c77-4234-ba3c-4f1879fcd600,false
冠 二郎,1993-11-21,全曲集/人情酒場,8988d4e5-63f2-4d05-9fed-fdd2279d08b9,false
冠二郎,1993-11-21,全曲集/人情酒場,8988d4e5-63f2-4d05-9fed-fdd2279d08b9,false
切腹ピストルズ,2024-06-30,やけ節,9f2ce8fa-2e03-40aa-b745-b65532196faf,false
前田 亘輝,1993-11-10,"Try Boy, Try Girl",ff0ffd29-1a07-489e-b0f3-c154c6cd7fc2,false
剛 紫,2009-04-10,空〜美しい我の空,b2867940-4e3c-4438-b79b-e59fd541d602,false
加藤 ミリヤ,2005-10-26,Rose,4bdbf164-8f44-4688-a701-d62b70e8a870,false
区麗情,2000-07-19,大切な人,1fab000a-2a4c-4d65-906b-cf219c1dd921,false
南佳孝,1973-09-21,摩天楼のヒロイン,31290caa-6d46-4ea1-a04a-3c146167ef48,false
南野 陽子,1986-04-21,ジェラート,0a88f89b-1fd4-4e92-a02d-8dbab8dbf482,false
南雲ゆうき,2020-06-30,Stick Candy,9df37077-009e-4f1d-8f3e-61d363743747,false
原 由子,1991-11-01,負けるな女の子!,47d8262f-6611-4158-8469-7c305adcc055,false
原因は自分にある。,2020-01-22,嗜好に関する世論調査,7d364176-f413-4894-9f31-f29d87f0dfae,false
原田悠里,1984-09-21,さよなら,ee3191ef-80ad-4487-9a74-ff50634768f5,false
原田知世,1984-11-26,撫子純情,664711df-2fb0-4ee5-aaf6-a8d1a6e8a2b9,false
友成空,2023-12-16,改札,12a72f22-33c3-468e-8a3b-1ed6c11fcfef,false
反町隆史,1997-07-30,FOREVER,1d06aa30-c38c-4722-9786-e18fd26b6119,false
古内東子,1993-10-21,逢いたいから,7a708283-c9c6-4506-acc1-68c10c563341,false
吉俣良,2000-05-24,天使が消えた街 オリジナル・サウンドトラック,4812f84c-6eda-4c9d-9e89-5a2a984c58a4,false
吉岡秀隆,1994-01-07,ラストソング,a4b2d926-bece-4f85-b739-7832f4f5f91e,false
吉川 晃司,1984-03-01,パラシュートが落ちた夏,c4c42ed5-eabb-440e-a2e0-2c0e193c7109,false
吉川晃司,1984-03-01,パラシュートが落ちた夏,c4c42ed5-eabb-440e-a2e0-2c0e193c7109,false
吉幾三,1994-05-25,酔歌・・・追伸,b59cce0c-bf28-42d1-8cfe-2545d390e66e,false
吉沢秋絵,1985-11-01,なぜ?の嵐,98d7bf00-50b4-447e-8bc4-c1a787bed302,false
吉田栄作,1990-09-12,少年のいた夏,093fc111-1661-414f-8ef0-8c63dd315f3e,false
唐沢美帆,2001-09-05,ライヴ,00aea1be-0c57-4e56-98d3-e7b19dea0ba4,false
嘉門達夫,1989-11-21,バルセロナ,392769c1-1a62-4f43-9afe-da7b88deef0b,false
国武万里,1993-07-21,ポケベルが鳴らなくて,58aa8ec7-0bb4-403f-812a-650c6e27bf29,false
国生 さゆり,1986-02-01,バレンタイン・キッス,5b10c04c-f33f-4c6b-9761-1be5e8d5f079,false
坂上香織,1989-04-26,プラトニックつらぬいて,d73ec851-8ed6-4963-844b-d124e0b3a99c,false
坂本冬美,1988-04-29,祝い酒,12a9f509-ceac-4de1-8780-73bb1a278b9c,false
堀ちえみ,1984-01-21,白いハンカチーフ,2a185c76-9bc7-44dd-8993-56195302e5da,false
堀内孝雄,1990-04-25,恋唄綴り,e3b83bf8-3d66-4acf-8c53-215fe7036162,false
堀江 淳,1981-04-02,メモリーグラス,765bc6a9-df6e-4c5b-a0b9-6f3a31813ee0,false
堂本 光一,2006-01-11,Endless Shock,28637e1f-f695-4026-a3af-b73fad518db7,false
堂本剛,2002-05-29,街/溺愛ロジック,21ff2e57-964c-47a7-9e32-22ca7cddaf54,false
夏川りみ,2001-03-23,涙そうそう,90cff12d-6d11-4d4e-8147-42446b11359a,false
大事MANブラザーズバンド,1991-08-25,それが大事,aceacf96-b11c-4dba-b856-5db31455c3e6,false
大内義昭,1996-02-01,月が泣いている,b356123b-0951-49d2-a920-f214f3a126b9,false
大友康平,1997-06-18,HEAVEN,ef0480e8-120e-4c4e-901d-27501519bdf4,false
大塚 愛,2004-03-31,LOVE PUNCH,e476adc4-d5e7-427a-b86f-70ecc970b009,false
大川栄策,1982-08-01,さざんかの宿,36e60dc7-84e7-42da-b54d-3fb9e6fb8b7f,false
大森靖子,2012-04-15,PINK,bcb49893-f5e0-48e4-b6fb-f4ef74b5463d,false
大江 千里,1988-10-21,これから,63215327-a08b-4e6d-a9cb-264903e3f96b,false
大沢 誉志幸,1984-02-25,Scoop,1e5a7213-c5b3-4471-bc47-4ee768ae2de1,false
大泉逸郎,1999-04-21,孫,4e6af2f7-f0e5-426e-bf9a-496a8b962a97,false
大滝詠一,1971-12-10,恋の汽車ポッポ,e4aa4f0c-3d21-4ad2-ad2a-7d34da50373e,false
大門弥生,2018-08-08,Heel de nioudachi,5aa87524-2eda-4623-a6de-38fb77990867,false
大黒摩季,1992-09-23,DA・KA・RA,8f23a8a8-26a5-413f-a7a4-55b46401a9bf,false
天川祐,2023-01-16,ありがとう,6778518c-fa56-4601-bbce-90e0819a53e2,false
天童よしみ,1987-04-21,天童よしみ 北海めおと節,41ae1766-655c-4ae3-9ea1-1594c46430d5,false
太田家,2020-11-25,愛読書,340dac1b-3164-4866-9c7b-f5faeb87ff39,false
太陽とシスコムーン,1999-04-21,月と太陽,0cf77233-da4e-4c36-b70e-6d36a645adca,false
奇妙礼太郎,2009-11-11,KING OF MUSIC,3e73e973-0839-4f07-b19c-18451f4d8acc,false
奥田民生,1994-10-21,愛のために,ef8c4ade-2712-408a-bf49-aeeb59296f78,false
女王蜂,2018-04-25,HALF,9b643375-2913-4877-bb1e-3de576ff20ab,false
宇多田ヒカル,1998-01-28,Precious,b539e453-c4fe-47e3-8a07-8517eac74429,false
宇宙,1998-02,1st,ff911c90-b5db-4687-88cc-ccd0ee9aba89,false
安全地帯,1983-01-25,安全地帯I Remember to Remember,c9966482-268c-4a30-b951-7eb72b539268,false
安田成美,1988-03-25,風の谷のナウシカ,a81de976-ca9b-4ba3-a115-96597cf26c9b,false
寺尾 聰,1977-08-05,16の夏,79c57d15-4f6a-423c-a624-42d82f7a651a,false
小室哲哉,1986-01-22,Vampire Hunter D,de242082-2f3e-4ce5-99e1-7839559da089,false
小林 旭,1996-04-01,アキラ節〜アキラのジーンとパラダイス,6fcfd8b4-cb77-4b43-8535-8953740d6a97,false
小林幸子,1998-09-03,風といっしょに,29b8b5ea-9b2e-45d6-aa2e-afccf53405f2,false
小林明子,1985-08-31,恋におちて -Fall in love-,96a33a93-49b7-4189-85e8-1b8a0f044995,false
小柳ゆき,1999-09-15,あなたのキスを数えましょう〜You were mine,58f8930e-52d8-464f-a0c2-1d8b51e4b334,false
小柳ルミ子,1977-01-25,思い出にだかれて,9bd7e111-cd1c-4e4a-9bee-fc177a76234f,false
小比類巻かほる,1985-11-21,CALL MY NAME,03f3839d-adb0-425f-bf19-61c6c3750dfd,false
小池徹平,2007-02-14,君に贈る歌 / ラッキーでハッピー,172d9e1a-5979-4e2f-8ef4-80afe237c92e,false
小沢健二,1994-03-09,今夜はブギー・バック (nice vocal),15e021ec-3232-4b2e-a12f-97d44fcc1b4b,false
小泉今日子,1982-08-21,マイ・ファンタジー,52af6a73-d1f9-4b74-923d-4a790938f4c3,false
小田 和正,1985-06-01,今だから,3305d1ad-c935-45ea-b79d-b4d1caba8757,false
小袋成彬,2018-05-23,丸ノ内サディスティック,a672ed48-a0f0-47bc-8969-a52f9a11b6ea,false
小野正利,1992-05-21,ピュアになれ,82acbd32-0347-4fa4-9b76-242867aec688,false
尾崎豊,1983-12-01,15の夜,6163a297-49b6-4d23-9641-fb3fd462d171,false
尾形大作,1989-11-28,心 風流にして 中国,9fac62aa-0798-49b7-9e7b-a9678b82b51e,false
山下久美子,1987-04-01,re-SWEETS,3efb2880-5034-42c9-a03a-b43559dc5294,false
山下智久,2006-05-31,抱いてセニョリータ,9e6ba0af-7670-4751-a324-1f2728429d2e,false
山口由子,1997-02-05,太陽と月に背いて,99efea01-a103-441c-b6ab-f08444e5d501,false
山口百恵,1973-08-21,山口百恵ファースト・アルバム／としごろ,85c1ff8e-b819-416d-9b73-5be468f7211a,false
山崎まさよし,1996-04-01,アレルギーの特効薬,9c98108e-ee2b-4d99-a54c-279e5f32b25b,false
山崎育三郎,2024-07-05,クランクアップ,f291edbe-05a7-41a9-9847-6a723d062466,false
山本譲二,1980-08-05,みちのくひとり旅,5cf1c319-36b3-4ef5-8ad4-54de868c1514,false
山本陽介,2016-05-25,ALL-WAYS,4d273a65-0dec-452d-ae22-f3ecd391360c,false
山根康広,1993-01-21,Get Along Together,f5f13277-4179-4223-86be-dce6d0c48db1,false
山猿,2015-07-08,風,378e1909-726a-417e-9249-c0cf7759bfb5,false
山田タマル,2006-04-05,My Brand New Eden,0a11f3d5-4ea3-4ef9-befe-b24ddfeaedcc,false
岡崎友紀,2001-03-07,ドゥー・ユー・リメンバー・ミー,f86bb4bf-db18-49b1-8a86-4ebac0c0d33a,false
岡本真夜,1996-11-01,未来へのプレゼント,bfe7386b-b9bd-4859-bac3-846594b1b777,false
岡田有希子,1984-04-21,ファースト・デイト,4a1560cf-67e4-44f7-b99a-fcf84defc831,false
岩崎宏美,1975-09-05,あおぞら,7f4b1f97-b010-4a02-ba3e-6af929799c28,false
岩崎良美,1980-07-21,Ring‐a‐Ding,0e9fdf7f-1d40-4835-8144-338dbe009dec,false
岸田智史,1991-05-15,モーニング,8ab8284f-dcd9-404e-8e1f-b91a9da05834,false
島田歌穂,1981-04-25,マンガチック ロマンス,7383d2c8-50d1-4537-ac37-201220ee2063,false
嵐,1999-11-03,A・RA・SHI,1008b912-cbb1-4e4c-bd4d-b9adf6937e8e,false
川中美幸,1998-01-01,二輪草,831ead09-c7c0-42ec-b91e-731a0e61bda3,false
川嶋あい,2002-07-13,この場所から・・・,6d7ef4a5-26c9-45e7-ad19-24ec48c50ed4,false
川本真琴,1996-05-02,愛の才能,9498d766-accf-4c26-8143-5baf0ac90ce2,false
川村カオリ,1990-11-21,三日月に腰かけて,485b5653-765d-40d7-a482-36240e2b3ad5,false
川畑 要,2000-12-15,最後の夜 / My Cherie Amour,a0421603-6446-47c6-a523-e474f9eb9dd8,false
工藤静香,1988-01-21,ミステリアス,387fa358-76f6-45bb-8d6a-9ab2e862b656,false
布袋寅泰,1988-10-05,GUITARHYTHM,5565ae4b-bb20-48a4-a8b0-dfdeb53b555a,false
平井 堅,1995-05-13,Precious Junk,0a3ca23c-a730-4bae-b99e-c90e12566a35,false
平井大,2019-02-27,THE GIFT,d04b4d86-222f-4bcd-86d7-c70d33ebd41c,false
平原綾香,2003-12-17,Jupiter,c09bd129-77b6-45b0-9be1-b259a3625bf2,false
平松愛理,1990-12-05,素敵なルネッサンス,01fa2f9d-b77d-4e69-a6ba-05c1a02e1b34,false
幾田りら,2019-11-16,Jukebox,55e42264-ef27-49d8-93fd-29f930dc96e4,false
広瀬香美,1992-07-22,Bingo!,3597f215-1cc1-4395-97e5-c64cdae51ca1,false
庄野真代,1978-04-01,飛んでイスタンブール,f2ada226-75ec-4898-b709-85a91e3a2c50,false
後浦なつみ,2004-10-06,恋愛戦隊シツレンジャー,e359b54e-8245-459e-a39a-6f40d75960ef,false
後藤真希,2001-03-28,愛のバカやろう,678ba12a-e485-44c7-8eaf-25e61a78a61b,false
忌野清志郎,1982-02-14,い・け・な・いルージュマジック,c2ee3fed-2f9d-42bf-b524-a19cee50d616,false
成世昌平,1999-11-21,はぐれコキリコ,0aa11e3c-f5e7-4e43-8119-41146129edf9,false
手嶌 葵,2017-11-22,東京,997b8f01-ee60-43aa-b7b3-b7aee9fe7590,false
手嶌葵,2017-11-22,東京,997b8f01-ee60-43aa-b7b3-b7aee9fe7590,false
斉藤由貴,1985-06-21,AXIA,7095445d-743a-45a5-91e8-ee3807ab93a4,false
新しい学校のリーダーズ,2016-07-25,学校行けやあ゛,12a43a61-e31a-4cac-92a6-c95ce9cdfe3c,false
新井大樹,2011-12-28,天然記念惣,fb8fdacf-9361-424e-94d5-b3e5c4704acc,false
新田恵利,1986-01-01,冬のオペラグラス,9ede1656-1f31-45ee-8737-b96131e60803,false
日向坂46,2019-03-27,キュン,8f357b97-90ea-4320-8869-1684164067f5,false
日野美歌,1982-12-05,氷雨,6948cdb4-a38d-4631-80cc-3ea41b60b8ec,false
早見優,1982-06-21,AND I LOVE YOU,35b5c6ae-5fe4-47ba-a5da-34c40c1eeffd,false
星街すいせい,2020-03-22,NEXT COLOR PLANET,8eeb59f4-0071-4261-b1f8-91d8294622d2,false
星野源,2011-03-02,くだらないの中に,2c6c53ea-09d4-4d98-b174-c9aa83d4fecf,false
時給800円,2004-11-25,たまには泣いてもいいですか?,9b0fd8a4-a3d5-4ff7-948e-5be3aaaf4389,false
月森楓,2020-09-23,あなたにラブリンちゅ♡,edae7f63-d28d-4782-8358-9dbe6f12bff8,false
有坂美香,1999-10-21,dis- / 夢を過ぎても,87682a9b-a617-4bd5-844a-62798dbe8cd0,false
木下珠子,2023-09-09,ハナミズキ（cover）,805fa8bd-8732-4532-89d6-51df04a8a19a,false
木村カエラ,2004-06-23,Level 42,1e21cd5d-75e4-4585-9963-2d6c7d54fd79,false
未来玲可,1998-11-04,海とあなたの物語,b0a92e36-ad2e-4649-8746-71b9ad912bf9,false
本田美奈子,1985-11-21,M’シンドローム,c5d88ef7-0b59-40be-951a-1f70a21a51a4,false
杉 良太郎,1989-01-21,若き特攻隊員の挽歌,09ded9a7-8a07-4fb2-ad6f-668bb1e90a5b,false
杉山清貴,1983-09-21,AQUA CITY,9a28e9a6-f848-4e33-be94-cd84d4a20b92,false
杉本哲太,2009-11-24,CRASH,f745f133-f651-4722-8546-83d89259e37e,false
杉村 尚美,1981-01-25,サンセット・メモリー,93c4c87f-76bd-435b-afff-ed986c4c6b4c,false
杏里,1978-11-21,杏里-apricot jam-,2e178faf-fbe6-44b3-8339-1b13e8ecc754,false
村下孝蔵,1983-08-25,踊り子,6eb08ad8-4d22-4fa2-9291-db5892caa9c0,false
来生たかお,1981-11-10,夢の途中 〜セーラー服と機関銃,5c45e24b-b812-4567-a374-71806a1fbe5d,false
東京スカパラダイスオーケストラ,1989-11-18,Tokyo Ska Paradise Orchestra,d77f4539-0661-4741-9307-60ebbd72f5ee,false
東京事変,2004-09-08,群青日和,b3d0f168-cb34-47c6-8529-fc05d1fce3ee,false
東方LostWord,2021-12-11,NAЯAKA,449d2108-d1b4-4712-be9a-6c3b6036f483,false
東方神起,2004-10-13,TRI-ANGLE,05cbaf37-6dc2-4f71-a0ce-d633447d90c3,false
東野純直,1993-04-01,君とピアノと,60bfe49d-9eba-4c1d-82e3-43c6662c58e0,false
松 たか子,1997-03-21,明日、春が来たら,24f7547e-bbb4-4bfd-80f2-e9d872da9b67,false
松井祐貴,2011-12-07,For you...,23d82794-ca41-45b9-b2b7-612346e1500b,false
松任谷由実,1973-11-20,ひこうき雲,0d27f48b-c8d7-464b-85e5-5a2b823436c9,false
松室政哉,2017-11-01,毎秒、君に恋してる,d441aef9-8637-4e47-805c-e87bd62b5677,false
松山千春,1980-11-21,木枯らしに抱かれて,2fb99ff4-0fc2-48ea-99ed-19c67409132f,false
松平健,2005-09-14,マツケンサンバⅢ,28cafcc3-7a67-430e-a57c-6143a2ad7cdd,false
松本伊代,1981-12-05,センチメンタルI・Y・O,884cfb30-3f5c-48c6-b056-8dc15a1b480b,false
松本孝弘,1991-09-25,'88〜Love Story,61ef6490-3c02-4940-9cae-375358954ec2,false
松本梨香,1995-04-26,スリルに恋して,d90cf71a-3f44-4612-9f8b-4578823bce6b,false
松本英子,1999-06-02,涙のチカラ,f33491a8-b9c8-4bbe-ba5b-86b515017e4b,false
松村和子,2010-04-21,面影しぐれ,b431a3c5-fb9b-46bc-aa79-deb194ba7b44,false
松浦亜弥,2001-04-11,ドッキドキ! LOVEメール,6f11f22e-2a8f-48cc-b1b3-79760d317f76,false
松田 聖子,1980-08-01,SQUALL,ef013257-e584-410e-88e8-05ea9ae9ea3a,false
林 明日香,2003-01-22,ake-kaze,7a0c4b79-cffb-42d6-8275-4fade687c527,false
柊キライ,2019-03-20,ディープリレック,f395edbc-5225-4d1b-af1c-3277681793b9,false
柏原芳恵,1980-12-10,How To Love,e49bdf19-709a-4b84-be5a-bae92d388a43,false
柴咲コウ,2002-07-24,Trust My Feelings,61fd915f-5bf4-4565-8398-429a9a1e6bc3,false
柴山俊之,1996-01-10,センチメンタル・フール,14975f5e-8439-4bba-b8fd-30d42c0e2958,false
柴田恭兵,1998-08-21,ランニング・ショット,331f24d9-079e-48f5-90bf-d7653910b992,false
栗原ゆう,2012-05-12,Weekend,4668f4a0-c0d2-47fe-904b-122bdb8656c6,false
桐子,2009-08-08,"KiRiKo sings “Studio Ghibli Films music""with an ERHU",e969949b-55d2-4395-93b6-1ccc491f8fd3,false
桑田佳祐,1987-10-06,悲しい気持ち（JUST A MAN IN LOVE）,361886fd-f49f-4cf5-82b7-3a41f9a1e322,false
梅沢富美男,1986-03-05,恋曼陀羅,dbbb4410-0105-40c9-a166-83348c7df546,false
梶浦由記,1996-11-01,新きまぐれオレンジ☆ロード ～そして、あの夏のはじまり～,67e344da-ec54-4e26-b2a4-8351d744a14c,false
森 昌子,1973-02-05,中学三年生,3e331911-8e0e-479b-8884-fc2662e7064b,false
森 進一,1968-08-15,森進一 女ごころを唄う,1968db90-74ec-4a67-bd20-8bc01c02a96b,false
森口博子,1985-12-05,水の星へ愛をこめて,b069d8f9-7a4f-401a-ae4f-9e74027f6955,false
森山直太朗,2001-11-10,直太朗/ワスレモノ,2fe7735c-1f4f-4029-86e2-c56302a20813,false
森川由加里,1990-07-25,東京チャキチャキ気質,fb09984d-e928-4c53-9e40-ab331dd148ed,false
森田童子,1993-01-25,ぼくたちの失敗,a6447722-00ab-489f-b442-012b9bd135d3,false
森高千里,1987-07-25,NEW SEASON,853c102b-b4d6-415c-86e0-002d93f0dba8,false
椎名 恵,1986-01-01,今夜はANGEL,367395ec-64b6-4752-ae5f-7d5e184d3aae,false
椎名林檎,1999-02-24,無罪モラトリアム,9e414497-23b7-4ab7-9ec6-8ea9864c9e87,false
"椎名林檎×SOIL&""PIMP""SESSIONS",2004-12-01,Suffocation,b8e2848f-f5e1-448d-94cf-990c2983c05c,false
楠瀬誠志郎,1991-11-15,ほっとけないよ,9c8e659f-c492-492c-9d9d-0403b2ea5100,false
槇原敬之,1990-10-25,君が笑うとき君の胸が痛まないように,18fba8c3-76b4-42b3-b630-931166d91e1b,false
横山 輝一,1987-10-26,ララバイ・イン・ブルー,b27807a4-e93a-49e8-aee7-7f67d3ca997f,false
横浜銀蝿,1998-01-01,RUNNING DOG,b8f43725-5718-48d9-82e1-d7a67e71cdc2,false
橘 いずみ,1992-06-21,君なら大丈夫だよ,a9379c17-b7d1-4e3c-bd88-d73a02619c82,false
橘慶太,2006-10-18,道標,5cb7cd05-4cfd-431b-abd1-209770698998,false
櫻坂46,2016-04-06,サイレントマジョリティー,0ba820db-bb50-4650-a515-d9ba80bf6d34,false
欧陽菲菲,1971-09-05,雨の御堂筋,b37c8650-5ca3-4c7c-9635-043014084dd7,false
歌っちゃ王,2012-01-18,EXILEカラオケVOL.1,e2ec3e6b-70c6-4c7d-9c33-3d501c4c7591,false
氣志團,2001-06-22,One Night Carnival,9553a8ac-ddcb-40aa-8863-23a86869b68d,false
水曜日のカンパネラ,2012-11-10,水曜日のカンパネラdemo,f9f9f6a1-693b-43da-bbeb-70395bb0a66a,false
水森かおり,1996-07-22,よりそい花・おしろい花,d5ef2eab-39e8-4fad-8be6-f64904c82ad1,false
水谷 豊,1999-10-08,エンジェルSTREET|どんな時も,8cb383ed-cf9d-4d55-b035-86d674a1d800,false
氷室京介,1995-10-25,魂を抱いてくれ,46e52e27-6b7f-4522-9d3b-35b40cf5e782,false
氷川きよし,2002-02-06,きよしのズンドコ節,223dedcf-22fa-4213-90a6-3edfbff890fc,false
永井真理子,1988-07-01,ロンリイザウルス,405d19e2-f970-46c7-b2fb-85e1186682cc,false
江口洋介,1994-02-09,愛は愛で,b3f2652c-95b8-497e-b992-ec6dc029c2cf,false
江﨑文武,2025-10-08,5 Centimeters Per Second: Original Soundtrack,e14eeb93-0fea-4326-a702-485bba301be4,false
池田聡,1986-08-05,モノクローム・ヴィーナス,366df844-87e6-4497-adf6-8fd7872440c2,false
沖田 浩之,1981-03-21,E気持,c7b2e452-e00e-450c-8619-c3c07f6656a2,false
沢田知可子,1990-06-27,会いたい,c2bfa790-3f87-41e0-b06f-23f6926582cc,false
河口恭吾,2000-11-22,真冬の月,b2cbbc71-19c0-4d35-9c89-f8146376d3ef,false
河合 その子,1985-09-21,涙の茉莉花LOVE,05c1f454-0129-422a-914d-87129c6744a4,false
河合奈保子,1980-10-10,LOVE,ef0ed4b3-614e-4cdc-8a5c-c012c28e3b65,false
河村隆一,1997-04-23,Glass,442db9c0-b637-472e-a4bf-b189a4c52f00,false
波田陽区,2004-11-17,ギター侍のうた,3c6531a4-4bce-4f32-8ba0-45f16d379ead,false
泣き虫,2019-10-02,盲目。,7cf22431-0d69-4efe-bdb2-655cb6109b8c,false
浅香 唯,1985-06-21,夏少女,d6be168c-6369-4298-99b3-6e929bc1a1c8,false
浜崎あゆみ,1999-01-01,A Song for ××,2b615bcf-baa0-4657-b9a5-1a5f34c386c4,false
浜田省吾,1976-04-21,生まれたところを遠く離れて,530591a7-33c7-4515-9b1b-2926c76ec0d1,false
浜田麻里,1983-04-21,LUNATIC DOLL,f5968221-8e04-4c6d-94d3-9c8f5c7b6d6f,false
海援隊,1992-11-20,望郷篇,f25ef11a-b679-4d15-b280-dee0f24d764a,false
清木場俊介,2005-01-19,いつか…,751d785c-02d2-4380-a02e-2770fa376851,false
清水 翔太,2007-07-18,ONE LOVE,9262c0e1-c37e-4b87-896f-f394e70515fa,false
清水宏次朗,1991-12-18,MIND BREEZE,d42c7feb-c6a5-467b-8db8-1951972b55e1,false
清貴,2000-10-12,No No No,e7bf964b-d2c4-4094-a9a7-8dc441357ce2,false
渡辺 満里奈,1986-10-08,深呼吸して,592bfabb-c9cd-4613-b1ff-13c3381fd2fa,false
渡辺 美奈代,1986-07-16,瞳に約束,1cb8748a-6e6d-436d-af08-0b59c6f68626,false
渡辺徹,2017-08-16,仮面ライダーエグゼイド オリジナルTVサウンドトラック,5c1e3ab8-9df7-4bc4-aeac-2f3f32678ab2,false
渡辺真知子,1977-11-01,迷い道,545216f0-3285-41bd-a504-d2af818ba4c0,false
渡辺美里,1985-10-02,eyes,dc3a2f2a-7fa5-4d10-946b-c45f10382c65,false
渥美 二郎,2003-11-19,全曲集,2d760659-81ec-42af-8ed2-0a7674d02b6f,false
湘南乃風,2004-03-03,応援歌/風,02088bb0-16d9-4314-9ebb-252efdafcb15,false
瀬川瑛子,1996-06-26,ベスト16〜花と嵐〜笑いじわ,6373eb4a-01ba-4d1e-a102-341b077f819f,false
熊谷幸子,1993-04-21,君と約束した場所,f4e47235-c55f-48f2-89be-310b1e9a8dc9,false
爆風スランプ,1989-04-07,月光,7535d59f-d9ef-4af4-8c01-b6eb6f668ae0,false
牧瀬里穂,1991-10-02,世界で一番素敵な奇跡,5e99262b-d6dc-4f98-b6db-717081bc12b2,false
狛茉璃奈,2022-10-30,想星リフレクション,07457a29-4a5c-423a-b7e0-b8b9ed961cb9,false
猿岩石,1996-12-21,白い雲のように,167fd81c-ca71-4995-b034-2ff391a39ee2,false
玉置成実,2003-04-23,Believe,f4380e07-44ad-4e45-9445-6419b2f05516,false
玉置浩二,1987-08-10,All I Do,e4ef627b-42b3-4081-a7c0-bf5ed8548399,false
生稲晃子,1988-05-21,麦わらでダンス,05d0b0cd-ae4d-40a6-9b84-2009e31eab3f,false
田中ロウマ,2006-02-15,Better Days,6f167b58-f8c9-451a-a076-395c819beaba,false
田原俊彦,1980-08-05,Toshi = 田原俊彦,c4bed4ba-8019-43c4-b1ce-6e2912ff5aa8,false
田島ハルコ,2020-05-20,Zoom,b9dcaf4b-eba2-4497-9023-d53434bc21d4,false
田川寿美,1996-11-21,華観月,a578e0eb-b84b-45da-8986-7292af26cf26,false
田村直美,1994-04-25,自由の橋,9aa07e2a-e915-4f73-a722-b49b52594436,false
由薫,2021-02-18,Reveal,25bfda42-4ee1-4935-80ee-450cb66423fc,false
甲斐バンド,1996-09-19,ティーンエイジ・ラスト,88183130-0596-4bd4-abb5-fa3c25bd630b,false
直太朗,2001-11-10,直太朗/ワスレモノ,2fe7735c-1f4f-4029-86e2-c56302a20813,false
相川七瀬,1996-07-03,Red,e3fc3ee6-bbdc-490d-b916-a498ec6245c6,false
相田翔子,1992-05-25,Delphinium,9a1bb0dc-c3d6-4a3a-8472-46c1650233b4,false
真田,2000-07-15,Voice of Heart,0db6e11e-5a9a-4bba-aba0-9916d54a0a0f,false
矢井田瞳,2000-05-03,Howling,eee58210-1dca-4c05-8cb8-5ea51e3edc07,false
矢沢永吉,1975-09-21,"アイ・ラヴ・ユー,OK",e46b601a-1678-4454-82d2-011c427c5ea2,false
矢野顕子,1976-07-25,JAPANESE GIRL,b215b03a-8e0b-48ca-b832-bbbd0db504f0,false
知声,2023-12-28,極彩色,ba38ab3c-102e-4e08-91cf-a34899a077e8,false
知念里奈,1996-10-21,DO‐DO FOR ME,622fc445-05c7-4adc-ad27-9946dd805040,false
石井 明美,1986-08-14,CHA‐CHA‐CHA,37b79837-3867-4285-8ced-1e47a2164db0,false
石井 竜也,1998-03-21,H,cdf5ed89-05c0-4316-abe1-4389aebc51c1,false
石原有輝香,2023-10-31,紫苑,fabdfaae-2465-4be9-ab07-5a07ebc91fe3,false
石原裕次郎,1977-04,ブランデーグラス,66504943-1b8a-4485-94a3-45f2bf9344ba,false
石川ひとみ,1978-12-21,くるみ割り人形,aeb00b57-b2ea-400c-955c-2c965f365502,false
石川優子,1984-04-21,ふたりの愛ランド,e9f08d25-1ec7-4e80-aecc-8bb928de04c9,false
石野真子,1978-07-25,微笑,2e2d9c23-4bf3-439b-8946-386de93fcb77,false
研 ナオコ,1973-11-25,女ごころ,fb65c1df-503b-466a-b25a-176ec37252e8,false
神聖かまってちゃん,2010-03-10,友だちを殺してまで。,e4bd942f-592b-4cee-bea2-7e62c0fafd09,false
福山 雅治,1990-03-21,追憶の雨の中,77d17c8b-4614-4a07-b399-b13411fc2c25,false
福耳,1999-07-14,星のかけらを探しに行こう Again,4f0d246b-8b7d-42e8-aeb6-b0f0e58c1d93,false
秋山黄色,2019-04-24,クソフラペチーノ,7aa02db9-97e0-43a1-9d03-f0df04dd8480,false
秋川雅史,2006-05-24,千の風になって,93440417-2a21-4ba4-816c-6bd06874beb7,false
稲垣潤一,1982-07-21,246:3AM,180c209d-6ff9-49da-826c-9a944a6d76cd,false
稲葉浩志,1998-12-16,遠くまで,d05f99dc-7fe5-44a6-93b8-8947ef90d09b,false
竜鉄也,1994-07-01,いのちの旅路,e4f7a915-3f8d-4f64-b356-1151e2161573,false
箱崎晋一郎,1996-12-11,想い出の音楽館,932e3ed2-d658-48f0-9e66-7eb766fd7f8a,false
篠原 涼子,1991-01-21,恋はシャンソン,760678bb-f07d-4228-9e19-8ce1dd8bc22e,false
米津玄師,2013-05-29,サンタマリア,09d4a85c-4916-4b4e-bc96-c4cfcf371046,false
米米CLUB,1986-07-02,シャリ・シャリズム,db060c42-4879-4539-9472-54973abe5f17,false
米良美一,1997-06-25,もののけ姫,71d23cbd-b577-41ca-ad96-ab5b59f55536,false
紅麗威甦,2001-10-21,ベスト・セレクション,b6d2ff9b-040e-4388-816d-20288fec434c,false
細川たかし,2003-11-19,心のこり / 浪花節だよ人生は,9390d969-87d7-479b-9818-05918a67bfb4,false
結束バンド,2022-10-09,Distortion!!,c1b0fe0a-779d-43ed-b193-4370f0d0f88f,false
絢香,2006-02-01,I believe,a3396621-f15d-49d2-8ac5-5fe574204375,false
絢香×コブクロ,2007-02-28,WINDING ROAD,4fd04208-84b5-4015-b5e9-f24864654e62,false
緑黄色社会,2017-01-11,Nice To Meet You??,3ed40054-97ab-4783-b3c3-15c2c7b06546,false
織田哲郎,1988-12-21,炎のさだめ,411f938c-5b26-4f73-a188-3640750352a5,false
織田裕二,1991-02-06,歌えなかったラヴ・ソング,e2302f0b-ae16-4223-882f-33aed9e166a3,false
羊文学,2015-12-22,BiRTH,cd8858ea-73c4-4c8f-8fcc-5aba0b877688,false
花*花,2000-07-26,あ～よかった,47019036-ea12-40c1-9488-25e35a417505,false
荻野目洋子,1984-09-05,ティーンズ・ロマンス,00fd440b-5e56-414a-8ac8-f4fa5cca9ada,false
菅田 将暉,2017-06-07,見たこともない景色,264955bb-3412-4ab5-9ba5-4423a28b3641,false
菊池桃子,1984-04-21,青春のいじわる,909b72fe-1582-4bda-aba5-b6b2ed01a729,false
華原朋美,1995-09-08,keep yourself alive,738c6d61-6977-412c-aef6-b390759b82e4,false
華子,2004-08-26,花火,c2ec5859-f53e-4397-9d97-d47f653ac388,false
薬師丸ひろ子,1981-11-21,セーラー服と機関銃,9f22635f-1987-49c4-ab55-a1fd1975db07,false
藤あや子,1995-11-01,ヒット全曲集'96,2fb29c13-2a59-4f8b-8b91-6d5ba4c4b4a9,false
藤井 風,2019-11-18,何なんw,c3a4aeca-8f02-4d22-b1ff-693434ab09a8,false
藤井フミヤ,1994-04-06,エンジェル,5ebbed2d-4c83-46e2-9a15-1b90e216a89c,false
藤井隆,2000-07-28,ナンダカンダ,c8cafdaa-5c48-40a5-839e-3d48a39a5f5f,false
藤村美樹,1983-03-25,夢恋人,3d8a2864-4ff2-4cc4-830b-f07e72230eef,false
西川 貴教,1995-05-25,BLACK OR WHITE?,9a42c99d-3068-4495-8fa1-85bf0a413f53,false
西村知美,1986-03-20,夢色のメッセージ,9d1a69cb-5b9e-4da6-8fd8-ee4f6fb77dfd,false
西田ひかる,1988-04-06,フィフティーン,c2085bdc-8174-48a2-9c52-9be415d86e71,false
西田敏行,1988-12-01,LOVE〜ラブソングを作ろう〜,64f0fdc7-0d21-4a66-9ed1-36c9b0448ee6,false
観月ありさ,1991-05-15,伝説の少女,78c32f70-938d-4c48-9930-ea8cba7f3fe7,false
谷村新司,1992-11-16,サライ,973fd630-551d-4cb3-a183-4d81f8491b23,false
財津和夫,1985-06-01,今だから,d2fcc4b3-66b3-4764-aca3-03dcf9f9b7c6,false
超ときめき♡宣伝部,2015-06-24,土っキュン♡!!少女,b901c170-0045-4555-8472-8ff0d59cbefe,false
足立佳奈,2017-06-21,キムチ〜笑顔の作り方〜,63851489-e6a3-40e4-8fdb-9a567d31fcf4,false
辛島 美登里,1989-03-05,Last No / COOL,2d36ae53-06c8-4536-a994-c764622ae393,false
郷 ひろみ,1972-11-21,男の子女の子,a5e9afe4-a554-4ac1-a025-3fa269c5a7fc,false
都 はるみ,1990-12-01,スーパー・ツインDX 小樽運河／千年の古都,601cf2a4-f817-4d6f-ab8f-74f891265edf,false
都はるみ,1990-12-01,スーパー・ツインDX 小樽運河／千年の古都,601cf2a4-f817-4d6f-ab8f-74f891265edf,false
酒井法子,1987-07-01,Fantasia / NORIKO Part I,53e56331-5049-4a9f-9195-98bddff6361a,false
野口五郎,1972-02-01,青いリンゴが好きなんだけど,6454bb18-a6f9-4f28-9be1-24fafc68f98a,false
野猿,1998-04-29,Get down,30d04f1c-1926-42cf-923d-bec14859c0bc,false
鈴木亜美,1998-07-01,love the island,412930b7-dbdc-47a9-becb-28f2e529e751,false
鈴木雅之,1986-02-26,mother of pearl,30f851bb-dba3-4e9b-811c-5f27f595c86a,false
長山洋子,1984-04-01,春はSA･RA SA･RA,9fa24065-25c7-46fe-9ea2-7af6f4d06d61,false
長渕 剛,1979-03-05,風は南から,a00f491d-0964-4a48-bbec-0f35d8ee9064,false
関口誠人,1988-02-21,東京・Lovers Map,ce7d2b85-352c-4564-86b3-dfa2c090bc2d,false
陣内大蔵,1992-03-25,新しい風,c1037ea0-cc85-4fc5-aeeb-f4a9314338b2,false
陳柏宇,2009-05-11,Close Up,de0e24a4-f7db-4cca-902a-02c986dd07a9,false
障子久美,1991-05-09,あの頃のように,fbf7c6d4-cf67-4cd1-817f-69a45a3901da,false
雅,1999-05-19,猫侍 オリジナル・サウンドトラック,abcb31b8-8aa1-4db9-8b85-2ac3b5f8a836,false
雅夢,1980-09-25,愛はかげろう,cf1b9b88-b0e4-4370-88d4-5c2dbeb2079d,false
電気グルーヴ,1990-06-26,662 BPM BY DG,176650bf-db9c-48dd-8c01-376104966997,false
青山テルマ,2007-09-05,ONE WAY,533a5987-768f-4892-9ee2-eb0b2a747507,false
響木アオ,2018-08-18,はらぺこパレード,9ea2db58-2fe7-4d14-8c4d-817d24ae202e,false
風味堂,2005-01-26,ナキムシのうた,5affd138-1665-4959-adcc-7098959a5c1f,false
飯島真理,1983-09-21,Rosé,668f86c0-53c5-432a-bf7b-8cba488da4ee,false
香取慎吾,2023-01-17,BETTING,652ddad9-a772-4d9b-a4f8-a66cadaaa7ea,false
香西かおり,1988-05-25,雨酒場,3e51f892-0af4-4d14-8e53-212e0884cdc8,false
高井麻巳子,1986-06-25,シンデレラたちへの伝言,efff5676-7a24-40ea-b42c-ce33c0b77528,false
高山厳,1998-05-21,心凍らせて,e49c3285-0e00-4a1a-ac50-1314e9267186,false
高杉さと美,2007-06-06,旅人,71f0fdf6-b8ce-4ba7-9d59-eb8327fdc24a,false
高樹 澪,1982-06,ナーダ,e2452476-afe5-4349-995a-7deed34fb784,false
高橋 瞳,2005-04-13,僕たちの行方,ebb18bc9-9441-45e0-83ea-dac80040d4f1,false
高橋優,2011-02-23,福笑い/現実という名の怪物と戦う者たち,0b2843ae-f69a-4f9f-8fd1-94d3999e2b0b,false
高橋幸宏,1978-08-21,Saravah!,e1410ddc-9745-4b5d-814d-77eb0cdfa6ad,false
高橋洋子,2013-08-08,宇宙の唄,7004bc31-23ee-4216-8d74-0d230e88079f,false
高橋由美子,1990-04-21,Step by Step,f3c12695-e3be-4c47-8757-9f04828811a3,false
高橋真梨子,1980-02-21,Sunny Afternoon,a92baf2e-02cc-4d0b-b138-c469a1220c0d,false
高田みづえ,1977-02-25,硝子坂,dc33d972-c589-48fd-9e74-76d403c89410,false
高野寛,1990-12-12,Better than New,5aae7d63-db86-4d2c-a249-907f1d039c00,false
鬼束ちひろ,2000-02-09,シャイン,e7dc32a7-4bdf-428e-bcd5-b2c3c1ccf0a1,false
麻倉未稀,1983-12-05,SCREEN,4b269828-92a7-4973-a0f0-ba8d7e051cbc,false
黄色5,2000-03-08,黄色いお空でBOOM BOOM BOOM,a2ae8917-3eac-47f4-94b2-2ba7ffaddf13,false
黒夢,1991-08-29,黒夢,66f65289-0795-4201-8484-25ca41e71a99,false
黒沢 薫,2005-10-12,遠い約束,f1d72f6e-8bc1-49c7-b024-128d40f558ca,false
영탁,2023-08-01,FORM,7a59950f-fad5-44a7-b986-c8b9459162bf,false
