db_artist,wiki_title,is_japanese,categories,status,checked_at
中森明菜,中森明菜,1,Category:中森明菜のアルバム;Category:中森明菜の楽曲,pending,2026-09-28
AKB48,AKB48,1,Category:AKB48の楽曲;Category:AKB48のアルバム,pending,2026-09-28
氷川きよし,氷川きよし,1,Category:氷川きよしの楽曲;Category:氷川きよしのアルバム,done,2026-09-28
浜崎あゆみ,浜崎あゆみ,1,Category:浜崎あゆみのアルバム;Category:浜崎あゆみの楽曲,pending,2026-09-28
さだまさし,さだまさし,1,Category:さだまさしのアルバム;Category:さだまさしの楽曲,done,2026-09-28
倖田來未,倖田來未,1,Category:倖田來未のアルバム;Category:倖田來未の楽曲,pending,2026-09-28
AAA,AAA (音楽グループ),1,Category:AAAの楽曲;Category:AAAのアルバム,pending,2026-09-28
サカナクション,サカナクション,1,Category:サカナクションのアルバム;Category:サカナクションの楽曲,pending,2026-09-30
反町隆史,反町隆史,1,Category:反町隆史の楽曲,pending,2026-09-30
中島 美嘉,中島美嘉,1,Category:中島美嘉のアルバム;Category:中島美嘉の楽曲,pending,2026-09-30
葛城ユキ,葛城ユキ,1,,pending,2026-09-30
E-girls,E-girls,1,Category:E-girlsの楽曲;Category:E-girlsのアルバム,pending,2026-09-30
GACKT,GACKT,1,Category:GACKTのアルバム;Category:GACKTの楽曲,pending,2026-09-30
中村あゆみ,中村あゆみ,1,Category:中村あゆみのアルバム;Category:中村あゆみの楽曲,pending,2026-09-30
OKAMOTO'S,OKAMOTO'S,1,Category:OKAMOTO'Sのアルバム;Category:OKAMOTO'Sの楽曲,pending,2026-09-30
Every Little Thing,Every Little Thing,1,Category:Every Little Thingのアルバム;Category:Every Little Thingの楽曲,pending,2026-09-30
Mrs. GREEN APPLE,Mrs. GREEN APPLE,1,Category:Mrs. GREEN APPLEの楽曲;Category:Mrs. GREEN APPLEのアルバム,pending,2026-09-30
Official髭男dism,Official髭男dism,1,Category:Official髭男dismのアルバム;Category:Official髭男dismの楽曲,pending,2026-09-30
藤井 風,藤井風,1,Category:藤井風の楽曲;Category:藤井風のアルバム,pending,2026-09-30
Vaundy,Vaundy,1,Category:Vaundyの楽曲;Category:Vaundyのアルバム,pending,2026-09-30
RADWIMPS,RADWIMPS,1,Category:RADWIMPSのアルバム;Category:RADWIMPSの楽曲,pending,2026-09-30
Ado,Ado,1,Category:Adoの楽曲;Category:Adoのアルバム,pending,2026-09-30
Da-iCE,Da-iCE,1,Category:Da-iCEの楽曲;Category:Da-iCEのアルバム,pending,2026-09-30
クリープハイプ,クリープハイプ,1,Category:クリープハイプのアルバム;Category:クリープハイプの楽曲,pending,2026-09-30
乃木坂46,乃木坂46,1,Category:乃木坂46の楽曲;Category:乃木坂46のアルバム,pending,2026-09-30
LiSA,LiSA,1,Category:LiSAの楽曲;Category:LiSAのアルバム,pending,2026-09-30
椎名林檎,椎名林檎,1,Category:椎名林檎の楽曲;Category:椎名林檎のアルバム,pending,2026-09-30
M!LK,M!LK,1,Category:M!LKのアルバム;Category:M!LKの楽曲,pending,2026-09-30
MY FIRST STORY,MY FIRST STORY,1,Category:MY FIRST STORYのアルバム;Category:MY FIRST STORYの楽曲,pending,2026-09-30
BUMP OF CHICKEN,BUMP OF CHICKEN,1,Category:BUMP OF CHICKENのアルバム;Category:BUMP OF CHICKENの楽曲,pending,2026-09-30
THE RAMPAGE from EXILE TRIBE,THE RAMPAGE from EXILE TRIBE,1,Category:THE RAMPAGE from EXILE TRIBEの楽曲;Category:THE RAMPAGE from EXILE TRIBEのアルバム,pending,2026-09-30
スキマスイッチ,スキマスイッチ,1,Category:スキマスイッチのアルバム;Category:スキマスイッチの楽曲,pending,2026-09-30
imase,Imase,1,,pending,2026-09-30
MISIA,MISIA,1,Category:MISIAの楽曲;Category:MISIAのアルバム,pending,2026-09-30
Eve,Eve (歌手),1,Category:Eveの楽曲;Category:Eveのアルバム,pending,2026-09-30
SKY-HI,SKY-HI,1,Category:SKY-HIのアルバム;Category:SKY-HIの楽曲,pending,2026-09-30
五輪真弓,五輪真弓,1,Category:五輪真弓の楽曲;Category:五輪真弓のアルバム,pending,2026-09-30
松田 聖子,松田聖子,1,Category:松田聖子のアルバム;Category:松田聖子の楽曲,pending,2026-09-30
鈴木雅之,鈴木雅之 (歌手),1,Category:鈴木雅之の楽曲;Category:鈴木雅之のアルバム,pending,2026-09-30
稲垣潤一,稲垣潤一,1,Category:稲垣潤一の楽曲;Category:稲垣潤一のアルバム,pending,2026-09-30
吉川晃司,吉川晃司,1,Category:吉川晃司のアルバム;Category:吉川晃司の楽曲,pending,2026-09-30
中山美穂,中山美穂,1,Category:中山美穂のアルバム;Category:中山美穂の楽曲,pending,2026-09-30
大森靖子,大森靖子,1,,pending,2026-09-30
米米CLUB,米米CLUB,1,Category:米米CLUBのアルバム;Category:米米CLUBの楽曲,pending,2026-09-30
TM NETWORK,TMNETWORK,1,,pending,2026-09-30
氷室京介,氷室京介,1,Category:氷室京介のアルバム;Category:氷室京介の楽曲,pending,2026-09-30
久保田利伸,久保田利伸,1,Category:久保田利伸の楽曲;Category:久保田利伸のアルバム,pending,2026-09-30
今井美樹,今井美樹,1,Category:今井美樹のアルバム;Category:今井美樹の楽曲,pending,2026-09-30
坂上香織,坂上香織,1,Category:坂上香織の楽曲,pending,2026-09-30
SHOW-YA,SHOW-YA,1,Category:SHOW-YAの楽曲;Category:SHOW-YAのアルバム,pending,2026-09-30
OZworld,OZworld,1,,pending,2026-09-30
藤井フミヤ,藤井フミヤ,1,Category:藤井フミヤのアルバム;Category:藤井フミヤの楽曲,pending,2026-09-30
浜田省吾,浜田省吾,1,Category:浜田省吾のアルバム;Category:浜田省吾の楽曲,pending,2026-09-30
大黒摩季,大黒摩季,1,Category:大黒摩季の楽曲;Category:大黒摩季のアルバム,pending,2026-09-30
江口洋介,江口洋介,1,,pending,2026-09-30
globe,Globe,1,Category:Globeの楽曲;Category:Globeのアルバム,pending,2026-09-30
THE YELLOW MONKEY,THE YELLOW MONKEY,1,Category:THE YELLOW MONKEYのアルバム;Category:THE YELLOW MONKEYの楽曲,pending,2026-09-30
河村隆一,河村隆一,1,Category:河村隆一の楽曲;Category:河村隆一のアルバム,pending,2026-09-30
松本梨香,松本梨香,1,Category:松本梨香の楽曲,pending,2026-09-30
L'Arc〜en〜Ciel,L'Arc〜en〜Ciel,1,Category:L'Arc〜en〜Cielのアルバム;Category:L'Arc〜en〜Cielの楽曲,pending,2026-09-30
ゆず,ゆず (音楽グループ),1,Category:ゆずのアルバム;Category:ゆずの楽曲,pending,2026-09-30
DA PUMP,DA PUMP,1,Category:DA PUMPの楽曲;Category:DA PUMPのアルバム,pending,2026-09-30
RIP SLYME,RIP SLYME,1,Category:RIP SLYMEのアルバム;Category:RIP SLYMEの楽曲,pending,2026-09-30
東京スカパラダイスオーケストラ,東京スカパラダイスオーケストラ,1,Category:東京スカパラダイスオーケストラの楽曲;Category:東京スカパラダイスオーケストラのアルバム,pending,2026-09-30
梶浦由記,梶浦由記,1,,pending,2026-09-30
清木場俊介,清木場俊介,1,Category:清木場俊介の楽曲;Category:清木場俊介のアルバム,pending,2026-09-30
三浦大知,三浦大知,1,Category:三浦大知の楽曲;Category:三浦大知のアルバム,pending,2026-09-30
SEAMO,SEAMO,1,Category:SEAMOの楽曲;Category:SEAMOのアルバム,pending,2026-09-30
山田タマル,山田タマル,1,,pending,2026-09-30
JUJU,JUJU,1,Category:JUJUの楽曲;Category:JUJUのアルバム,pending,2026-09-30
ミュージカル『テニスの王子様』4thシーズン,,,,unresolved,2026-09-30
TheBeatnuts,,,,unresolved,2026-09-30
アリス,アリス (フォークグループ),1,Category:アリスのアルバム;Category:アリスの楽曲,pending,2026-09-30
:quilik: as image sketch & smallBlueWhale,,,,unresolved,2026-09-30
ピットブル,ピットブル (ラッパー),0,,skip,2026-09-30
Liz Elias,,,,unresolved,2026-09-30
安室奈美恵 with SUPER MONKEY'S,,,,unresolved,2026-09-30
米良美一 & 内山夏子,,,,unresolved,2026-09-30
モーニング娘。&平家みちよ,,,,unresolved,2026-09-30
原田悠里,原田悠里,1,,pending,2026-09-30
kedy,,,,unresolved,2026-09-30
キム・ヨンジャ,キム・ヨンジャ,0,,skip,2026-09-30
古内東子 × KREVA,,,,unresolved,2026-09-30
Hey! Say! JUMP,Hey! Say! JUMP,1,Category:Hey! Say! JUMPの楽曲;Category:Hey! Say! JUMPのアルバム,pending,2026-09-30
東方神起,東方神起,0,,skip,2026-09-30
Zay Hilfigerrr & Zayion McCall,,,,unresolved,2026-09-30
